arm,label,unit,quantity,estimate,ci_lo,ci_hi,n_boot,n_items,n_groups
R1_prevalence,deterioration_icu_24h,record,calibration_intercept,0.038868486024828904,-0.05769194264246113,0.12969394485646693,10000,6407,3626
R1_prevalence,deterioration_icu_24h,record,calibration_slope,,,,10000,6407,3626
R1_prevalence,deterioration_icu_24h,record,brier,0.1101088603525126,0.10235284826018351,0.11793384092893502,10000,6407,3626
R1_prevalence,deterioration_mortality_28d,record,calibration_intercept,0.05487258606244936,-0.09597933361288741,0.1965916437854449,10000,6428,3636
R1_prevalence,deterioration_mortality_28d,record,calibration_slope,,,,10000,6428,3636
R1_prevalence,deterioration_mortality_28d,record,brier,0.04038656624733329,0.03515353863774026,0.046006910579730206,10000,6428,3636
R1_prevalence,deterioration_mortality_365d,record,calibration_intercept,0.037515435283092174,-0.07686899108662591,0.1478668574080711,10000,6428,3636
R1_prevalence,deterioration_mortality_365d,record,calibration_slope,,,,10000,6428,3636
R1_prevalence,deterioration_mortality_365d,record,brier,0.12221531986394572,0.1125029819604345,0.13236884683859115,10000,6428,3636
R2_demo,deterioration_icu_24h,record,calibration_intercept,0.03873220281155479,-0.05997244311216929,0.1309208912011979,10000,6407,3626
R2_demo,deterioration_icu_24h,record,calibration_slope,1.4807040365615793,1.094572618632313,1.8774211366403821,10000,6407,3626
R2_demo,deterioration_icu_24h,record,brier,0.10871133279514165,0.10112042688747415,0.11635976426987779,10000,6407,3626
R2_demo,deterioration_mortality_28d,record,calibration_intercept,0.05800165077704061,-0.09266612326934426,0.19971200606157027,10000,6428,3636
R2_demo,deterioration_mortality_28d,record,calibration_slope,3.1054329593716714,-11584403769.003845,9545260148.931671,10000,6428,3636
R2_demo,deterioration_mortality_28d,record,brier,0.03996027026262599,0.034769655664499605,0.04551227389834194,10000,6428,3636
R2_demo,deterioration_mortality_365d,record,calibration_intercept,0.04293936067067467,-0.06972611349671301,0.1510334305410439,10000,6428,3636
R2_demo,deterioration_mortality_365d,record,calibration_slope,2.238277235394786,-4805452391.6097355,7536143232.259454,10000,6428,3636
R2_demo,deterioration_mortality_365d,record,brier,0.11370413620706099,0.10468303299428479,0.12301153314652023,10000,6428,3636
R3_acqctx_pre,deterioration_icu_24h,record,calibration_intercept,0.036644226189220384,-0.062174468960711576,0.12985172708441925,10000,6407,3626
R3_acqctx_pre,deterioration_icu_24h,record,calibration_slope,1.015838299594444,0.9388708089760636,1.0996935040440317,10000,6407,3626
R3_acqctx_pre,deterioration_icu_24h,record,brier,0.0925949969644376,0.08619250668827057,0.09927040892439898,10000,6407,3626
R3_acqctx_pre,deterioration_mortality_28d,record,calibration_intercept,0.04718818936881293,-0.10047991254530968,0.18716906403556124,10000,6428,3636
R3_acqctx_pre,deterioration_mortality_28d,record,calibration_slope,2.212365301177017,-6965940858.80636,4523473872.075067,10000,6428,3636
R3_acqctx_pre,deterioration_mortality_28d,record,brier,0.03910582193077049,0.034089572269025065,0.044542678628728564,10000,6428,3636
R3_acqctx_pre,deterioration_mortality_365d,record,calibration_intercept,0.04964943226805505,-0.06395521239134146,0.1587318253490683,10000,6428,3636
R3_acqctx_pre,deterioration_mortality_365d,record,calibration_slope,1.3576653849863292,1.2126147876398403,1.507347706094933,10000,6428,3636
R3_acqctx_pre,deterioration_mortality_365d,record,brier,0.11305495955052772,0.10447162297105585,0.12174712930337625,10000,6428,3636
R3b_acqctx_window,deterioration_icu_24h,record,calibration_intercept,0.045139398653528444,-0.050643730027148774,0.13477022095874322,10000,6407,3626
R3b_acqctx_window,deterioration_icu_24h,record,calibration_slope,1.1784790104489058,1.085688619091505,1.2757045107726064,10000,6407,3626
R3b_acqctx_window,deterioration_icu_24h,record,brier,0.09280197457439168,0.08642365103500389,0.09948590411778427,10000,6407,3626
R3b_acqctx_window,deterioration_mortality_28d,record,calibration_intercept,0.046927531580916886,-0.10431514030420849,0.18773003638299451,10000,6428,3636
R3b_acqctx_window,deterioration_mortality_28d,record,calibration_slope,1.2857125663481659,1.098659341239087,1.49083212491518,10000,6428,3636
R3b_acqctx_window,deterioration_mortality_28d,record,brier,0.038496969654048474,0.03366708860384116,0.04375065926209278,10000,6428,3636
R3b_acqctx_window,deterioration_mortality_365d,record,calibration_intercept,0.052671888386034385,-0.06233928988586914,0.1635090443214803,10000,6428,3636
R3b_acqctx_window,deterioration_mortality_365d,record,calibration_slope,1.1526238433701468,1.024545131349946,1.2855006749218094,10000,6428,3636
R3b_acqctx_window,deterioration_mortality_365d,record,brier,0.11228282786054666,0.10393506466029007,0.12075637889930874,10000,6428,3636
R4_demo_acq,deterioration_icu_24h,record,calibration_intercept,0.04562626304920849,-0.054750491295884156,0.1409669208622886,10000,6407,3626
R4_demo_acq,deterioration_icu_24h,record,calibration_slope,0.9685089642934529,0.8943695161233598,1.0495911444165,10000,6407,3626
R4_demo_acq,deterioration_icu_24h,record,brier,0.0908103076889134,0.08445261316587883,0.09740429161986378,10000,6407,3626
R4_demo_acq,deterioration_mortality_28d,record,calibration_intercept,0.057857128322604215,-0.09392975420127811,0.20051305608059292,10000,6428,3636
R4_demo_acq,deterioration_mortality_28d,record,calibration_slope,1.1707489827033608,1.0269894762805412,1.3277493518879337,10000,6428,3636
R4_demo_acq,deterioration_mortality_28d,record,brier,0.03701307094695562,0.032356951579060954,0.042073450980331335,10000,6428,3636
R4_demo_acq,deterioration_mortality_365d,record,calibration_intercept,0.05262360520144074,-0.058342780910867864,0.1589728847432063,10000,6428,3636
R4_demo_acq,deterioration_mortality_365d,record,calibration_slope,2.4655842608328116,-3843467509.889173,4190496559.616295,10000,6428,3636
R4_demo_acq,deterioration_mortality_365d,record,brier,0.10929643718584425,0.10079490785452887,0.11804012982852945,10000,6428,3636
R5_tabular,deterioration_icu_24h,record,calibration_intercept,0.08954282518215025,-0.02563996160602854,0.19982498790647332,10000,6407,3626
R5_tabular,deterioration_icu_24h,record,calibration_slope,1.0157179775699847,0.9555508114739667,1.0837107517736762,10000,6407,3626
R5_tabular,deterioration_icu_24h,record,brier,0.06183242752387637,0.056408413993639044,0.06748589957494969,10000,6407,3626
R5_tabular,deterioration_mortality_28d,record,calibration_intercept,0.08711085765603237,-0.0649784865912866,0.23144839407482157,10000,6428,3636
R5_tabular,deterioration_mortality_28d,record,calibration_slope,1.1437409224751103,1.0374209013454143,1.2633709428417033,10000,6428,3636
R5_tabular,deterioration_mortality_28d,record,brier,0.03040866259294986,0.02657602802338794,0.03446780831790591,10000,6428,3636
R5_tabular,deterioration_mortality_365d,record,calibration_intercept,0.0879014678508219,-0.029722513811653802,0.20076183865719185,10000,6428,3636
R5_tabular,deterioration_mortality_365d,record,calibration_slope,1.1198825909391779,1.0346602376143845,1.2118566663174581,10000,6428,3636
R5_tabular,deterioration_mortality_365d,record,brier,0.09092943790808526,0.08358711896914808,0.09854952664022835,10000,6428,3636
R6_waveform,deterioration_icu_24h,record,calibration_intercept,-0.8817802751098419,-0.9736615463088214,-0.796317147778714,10000,6407,3626
R6_waveform,deterioration_icu_24h,record,calibration_slope,2.4716764351832117,2.2687101379880796,2.6854391650889933,10000,6407,3626
R6_waveform,deterioration_icu_24h,record,brier,0.10796353007798803,0.10368576111107176,0.11225608398626986,10000,6407,3626
R6_waveform,deterioration_mortality_28d,record,calibration_intercept,-1.4893719110326535,-1.6352009384230979,-1.352335942256794,10000,6428,3636
R6_waveform,deterioration_mortality_28d,record,calibration_slope,2.166357709417648,1.8980956841362187,2.4733493695211366,10000,6428,3636
R6_waveform,deterioration_mortality_28d,record,brier,0.050773132298758995,0.04746176761826289,0.05415897178796303,10000,6428,3636
R6_waveform,deterioration_mortality_365d,record,calibration_intercept,-0.7739418024540481,-0.8837855020250727,-0.6697531374502161,10000,6428,3636
R6_waveform,deterioration_mortality_365d,record,calibration_slope,2.2933832591853833,2.070689489344951,2.533943636919152,10000,6428,3636
R6_waveform,deterioration_mortality_365d,record,brier,0.11321336918906083,0.10804443148520781,0.11847564933453665,10000,6428,3636
R7_waveform_demo_acq,deterioration_icu_24h,record,calibration_intercept,-0.8566023793053932,-0.9451728055126473,-0.7739492548007255,10000,6407,3626
R7_waveform_demo_acq,deterioration_icu_24h,record,calibration_slope,2.443793694329,2.2695322553068915,2.6315075102668364,10000,6407,3626
R7_waveform_demo_acq,deterioration_icu_24h,record,brier,0.09972836289112032,0.09549782040497642,0.10406666063987507,10000,6407,3626
R7_waveform_demo_acq,deterioration_mortality_28d,record,calibration_intercept,-1.4655844037152104,-1.610525448992081,-1.3307871224568577,10000,6428,3636
R7_waveform_demo_acq,deterioration_mortality_28d,record,calibration_slope,2.424246228018041,2.150301663511507,2.740419237691963,10000,6428,3636
R7_waveform_demo_acq,deterioration_mortality_28d,record,brier,0.048551530242275286,0.045298367695053715,0.05187311432386161,10000,6428,3636
R7_waveform_demo_acq,deterioration_mortality_365d,record,calibration_intercept,-0.806956192810257,-0.9132664907955619,-0.7023873745575344,10000,6428,3636
R7_waveform_demo_acq,deterioration_mortality_365d,record,calibration_slope,2.6154745730217797,2.384456083649172,2.8700632745695693,10000,6428,3636
R7_waveform_demo_acq,deterioration_mortality_365d,record,brier,0.11145017476637624,0.1065990756944409,0.11642323590722445,10000,6428,3636
