arm,label,unit,scheme,n_bins,ece,ci_lo,ci_hi,n_boot,n_items,n_groups,seed_ece_min,seed_ece_max,seed_ece_spread,n_seeds,null_lo,null_hi,inside_null_band,point_below_ci_lo,n_bins_occupied,bin_count_min,bin_count_max,mean_predicted,observed_rate
R1_prevalence,deterioration_icu_24h,record,equal_width,15,0.004217230196308208,0.0002234195170922663,0.014561576813709752,10000,6407,3626,0.004217230196308208,0.004217230196308208,0.0,5,0.00015901423042911228,0.009839832085899692,True,False,1,6407,6407,0.12173875544439178,0.12595598564070548
R1_prevalence,deterioration_icu_24h,record,equal_mass,15,0.004217230196308208,0.0002234195170922663,0.014561576813709752,10000,6407,3626,0.004217230196308208,0.004217230196308208,0.0,5,0.00015901423042911228,0.009839832085899692,True,False,1,6407,6407,0.12173875544439178,0.12595598564070548
R1_prevalence,deterioration_mortality_28d,record,equal_width,15,0.0021610256278640078,0.00011320804988463469,0.008270072677612176,10000,6428,3636,0.0021610256278640078,0.0021610256278640078,0.0,5,0.0001386236365758936,0.005464916132682897,True,False,1,6428,6428,0.03999827742129969,0.04215930304915993
R1_prevalence,deterioration_mortality_28d,record,equal_mass,15,0.0021610256278640078,0.00011320804988463469,0.008270072677612176,10000,6428,3636,0.0021610256278640078,0.0021610256278640078,0.0,5,0.0001386236365758936,0.005464916132682897,True,False,1,6428,6428,0.03999827742129969,0.04215930304915993
R1_prevalence,deterioration_mortality_365d,record,equal_width,15,0.004523001798638487,0.0002688361712338272,0.01856487364574623,10000,6428,3636,0.004523001798638487,0.004523001798638487,0.0,5,0.00016648456496044312,0.009345652700940899,True,False,1,6428,6428,0.13797855389518116,0.14250155569383946
R1_prevalence,deterioration_mortality_365d,record,equal_mass,15,0.004523001798638487,0.0002688361712338272,0.01856487364574623,10000,6428,3636,0.004523001798638487,0.004523001798638487,0.0,5,0.00016648456496044312,0.009345652700940899,True,False,1,6428,6428,0.13797855389518116,0.14250155569383946
R2_demo,deterioration_icu_24h,record,equal_width,15,0.008242196544516479,0.0024335292695427573,0.01874189640527409,10000,6407,3626,0.003941342743570445,0.013663983457404992,0.009722640713834546,5,0.0010235396199936163,0.010847832096991817,True,False,3,105,4030,0.12178141954500975,0.12595598564070548
R2_demo,deterioration_icu_24h,record,equal_mass,15,0.01557425972369225,0.014680511256130353,0.029511146663858307,10000,6407,3626,0.010639577169812672,0.031421371669736964,0.020781794499924292,5,0.007950816797587437,0.017904174016647484,True,False,15,397,464,0.12178141954500975,0.12595598564070548
R2_demo,deterioration_mortality_28d,record,equal_width,15,0.0022768424279148813,0.0005703208792909428,0.00842099904778022,10000,6428,3636,0.0022319368849745697,0.002379684431040577,0.00014774754606600724,5,0.00021902890777700045,0.005512108166699573,True,False,2,64,6364,0.03988246062124525,0.04215930304915993
R2_demo,deterioration_mortality_28d,record,equal_mass,15,0.01684538779931875,0.015129369208432004,0.02517822731508762,10000,6428,3636,0.0072366520950510995,0.022818852942070377,0.015582200847019279,5,0.004867141894489602,0.010945149876039038,False,False,15,367,504,0.03988246062124525,0.04215930304915993
R2_demo,deterioration_mortality_365d,record,equal_width,15,0.046576581924746514,0.03358812762473324,0.05952313776130437,10000,6428,3636,0.029889138859561782,0.04811174958397243,0.018222610724410646,5,0.0017958777401132786,0.01055800187340437,False,False,4,116,3420,0.13744665332958678,0.14250155569383946
R2_demo,deterioration_mortality_365d,record,equal_mass,15,0.04951875851566219,0.04202917678261047,0.06542972104967718,10000,6428,3636,0.031795147088457085,0.08561524663416667,0.053820099545709585,5,0.00840977791716722,0.01813305688472341,False,False,15,254,596,0.13744665332958678,0.14250155569383946
R3_acqctx_pre,deterioration_icu_24h,record,equal_width,15,0.006973940475061561,0.0067322614847109205,0.018077555293482,10000,6407,3626,0.008880972303358397,0.014118860127443983,0.005237887824085586,5,0.0053632487963466546,0.01444348159592678,True,False,12,7,2951,0.12260156966759553,0.12595598564070548
R3_acqctx_pre,deterioration_icu_24h,record,equal_mass,15,0.008472690165054086,0.009010824883354045,0.020475916533203433,10000,6407,3626,0.006696570627742617,0.012555255665116918,0.0058586850373743005,5,0.006788665871216617,0.015178905749960777,True,True,15,427,428,0.12260156966759553,0.12595598564070548
R3_acqctx_pre,deterioration_mortality_28d,record,equal_width,15,0.01116945353228213,0.006426054675829168,0.016476636984691446,10000,6428,3636,0.0021095822326359995,0.011847617963277119,0.00973803573064112,5,0.0007170231821279151,0.005775504466520916,False,False,4,1,6002,0.04030837454843295,0.04215930304915993
R3_acqctx_pre,deterioration_mortality_28d,record,equal_mass,15,0.019614981602436864,0.016139270899503292,0.025532110267566188,10000,6428,3636,0.011727754658036731,0.027283078354362066,0.015555323696325335,5,0.004866725347262318,0.010449304004328423,False,False,15,428,429,0.04030837454843295,0.04215930304915993
R3_acqctx_pre,deterioration_mortality_365d,record,equal_width,15,0.019383656339606734,0.011384655357418437,0.030933183875470203,10000,6428,3636,0.011706539729723933,0.023957092470005246,0.012250552740281313,5,0.0034229492592501407,0.013616996483956508,False,False,7,3,2216,0.1368153860021029,0.14250155569383946
R3_acqctx_pre,deterioration_mortality_365d,record,equal_mass,15,0.02023812867029277,0.016654286785132515,0.03508333428279591,10000,6428,3636,0.013969108938786425,0.03145300398546546,0.017483895046679035,5,0.007903905446940588,0.018222346666869463,False,False,15,428,429,0.1368153860021029,0.14250155569383946
R3b_acqctx_window,deterioration_icu_24h,record,equal_width,15,0.01699603756985797,0.013450031413384017,0.026921858722078643,10000,6407,3626,0.0071081842200051365,0.06658252996143356,0.059474345741428424,5,0.00506510805369038,0.013246706353216559,False,False,11,2,2779,0.1216704167128499,0.12595598564070548
R3b_acqctx_window,deterioration_icu_24h,record,equal_mass,15,0.01752699925539817,0.01424392737256433,0.027568508770569912,10000,6407,3626,0.006519085903427015,0.07693942378957416,0.07042033788614716,5,0.006709955282884331,0.01614408664103015,False,False,15,427,428,0.1216704167128499,0.12595598564070548
R3b_acqctx_window,deterioration_mortality_28d,record,equal_width,15,0.010073518827158007,0.005391361433618224,0.015691456837583894,10000,6428,3636,0.004965429440176911,0.011762662404330345,0.0067972329641534344,5,0.0014075640398925997,0.00686333714748883,False,False,6,3,5340,0.040360618116748126,0.04215930304915993
R3b_acqctx_window,deterioration_mortality_28d,record,equal_mass,15,0.010176958960376133,0.008204280296529061,0.017108570359178638,10000,6428,3636,0.00808041090047911,0.014352467814402555,0.006272056913923445,5,0.004478068143949017,0.010119136393728058,False,False,15,428,429,0.040360618116748126,0.04215930304915993
R3b_acqctx_window,deterioration_mortality_365d,record,equal_width,15,0.010519026441567155,0.007062217277120674,0.023734661068557535,10000,6428,3636,0.009311010025962635,0.01594287485593154,0.006631864829968906,5,0.003909440393096016,0.014601370030973945,True,False,8,2,1809,0.13658402717867033,0.14250155569383946
R3b_acqctx_window,deterioration_mortality_365d,record,equal_mass,15,0.016951697784541142,0.014073220323238182,0.02983143784073622,10000,6428,3636,0.013617809866624106,0.022360951051807333,0.008743141185183228,5,0.008125381761574716,0.0174574691076755,True,False,15,428,429,0.13658402717867033,0.14250155569383946
R4_demo_acq,deterioration_icu_24h,record,equal_width,15,0.008717817143991018,0.007797682897214131,0.019832309849993963,10000,6407,3626,0.008499362630692295,0.009242426978694231,0.0007430643480019362,5,0.005058065351748398,0.014104187303458044,True,False,12,24,3072,0.12193463100865423,0.12595598564070548
R4_demo_acq,deterioration_icu_24h,record,equal_mass,15,0.00940929901929214,0.008602054168197445,0.020395162109931742,10000,6407,3626,0.0070925143395703825,0.012326772051389536,0.005234257711819154,5,0.006281369945264886,0.014483919368985236,True,False,15,427,428,0.12193463100865423,0.12595598564070548
R4_demo_acq,deterioration_mortality_28d,record,equal_width,15,0.005034265166197771,0.003042088374041445,0.010832511361809728,10000,6428,3636,0.0029497630648653533,0.0053268255515346195,0.002377062486669266,5,0.0015420001495408647,0.00725779093246705,True,False,7,1,5278,0.04001575170053188,0.04215930304915993
R4_demo_acq,deterioration_mortality_28d,record,equal_mass,15,0.009319829195679273,0.006577042221928355,0.01517004251731236,10000,6428,3636,0.0056623390330635915,0.009190127433350348,0.0035277884002867564,5,0.0038324848150316803,0.009760643577456965,True,False,15,428,429,0.04001575170053188,0.04215930304915993
R4_demo_acq,deterioration_mortality_365d,record,equal_width,15,0.06285566566716563,0.051907056548159754,0.07436816036513551,10000,6428,3636,0.03163328921497382,0.0901936759695647,0.058560386754590875,5,0.003121711208443751,0.01259649437308021,False,False,6,13,3343,0.1363822300632089,0.14250155569383946
R4_demo_acq,deterioration_mortality_365d,record,equal_mass,15,0.06425884807427167,0.05336058226009853,0.07535744878557149,10000,6428,3636,0.03253345161474499,0.09721410225767141,0.06468065064292641,5,0.007827941310811949,0.01882346427223402,False,False,15,428,429,0.1363822300632089,0.14250155569383946
R5_tabular,deterioration_icu_24h,record,equal_width,15,0.010298974244891124,0.009938159039904788,0.020431296081729458,10000,6407,3626,0.008922385339452476,0.01231847595138854,0.0033960906119360635,5,0.005618240437551042,0.012691184070408935,True,False,15,49,4460,0.12055904293104396,0.12595598564070548
R5_tabular,deterioration_icu_24h,record,equal_mass,15,0.011706798557585097,0.009346274547641592,0.0203705927109985,10000,6407,3626,0.009885041640461651,0.012605897458436122,0.0027208558179744706,5,0.004932083032046832,0.011980095899057795,True,False,15,424,430,0.12055904293104396,0.12595598564070548
R5_tabular,deterioration_mortality_28d,record,equal_width,15,0.007285096102252091,0.005676601824476788,0.013209722217056765,10000,6428,3636,0.006640426458826244,0.008680368101859322,0.002039941643033078,5,0.0030659978770039443,0.00815731724937714,True,False,14,1,5563,0.039459909908798343,0.04215930304915993
R5_tabular,deterioration_mortality_28d,record,equal_mass,15,0.007732996173515513,0.006587122128865342,0.014345195245134583,10000,6428,3636,0.007892468944469785,0.00857780133101879,0.0006853323865490049,5,0.0029011141208940367,0.008502032662052666,True,False,15,428,429,0.039459909908798343,0.04215930304915993
R5_tabular,deterioration_mortality_365d,record,equal_width,15,0.019033880790961518,0.01381973932205715,0.029143971456964752,10000,6428,3636,0.014125677028392233,0.019946130184428416,0.005820453156036184,5,0.005832299734425753,0.013918012937394463,False,False,13,22,3080,0.13435601235789849,0.14250155569383946
R5_tabular,deterioration_mortality_365d,record,equal_mass,15,0.01873625269688614,0.013519081715956824,0.029037174894858415,10000,6428,3636,0.015673769847822306,0.0185352242490102,0.002861454401187895,5,0.0060186563892004425,0.014734395207408333,False,False,15,427,430,0.13435601235789849,0.14250155569383946
R6_waveform,deterioration_icu_24h,record,equal_width,15,0.13233207025242053,0.12429934994589348,0.14130586269356385,10000,6407,3626,0.11951851797690904,0.13708153177492888,0.017563013798019833,5,0.005697393142104551,0.01815123707135108,False,False,10,9,1584,0.2502276159748516,0.12595598564070548
R6_waveform,deterioration_icu_24h,record,equal_mass,15,0.13474125087491456,0.12586119635304444,0.14276271657384576,10000,6407,3626,0.12167703138208806,0.13925662920732515,0.01757959782523709,5,0.009862195073486024,0.02242058660625127,False,False,15,427,428,0.2502276159748516,0.12595598564070548
R6_waveform,deterioration_mortality_28d,record,equal_width,15,0.112073383110469,0.10668980216335526,0.11824685898537743,10000,6428,3636,0.09459614734362849,0.12564654994985483,0.031050402606226338,5,0.00443685929003829,0.013574075658576969,False,False,9,2,1835,0.15416418256549752,0.04215930304915993
R6_waveform,deterioration_mortality_28d,record,equal_mass,15,0.11200487951633757,0.10585964682405782,0.11780374274852992,10000,6428,3636,0.09382522105355674,0.12553373680988417,0.031708515756327424,5,0.008507468938724243,0.01839541329930239,False,False,15,428,429,0.15416418256549752,0.04215930304915993
R6_waveform,deterioration_mortality_365d,record,equal_width,15,0.11999797609558788,0.11025580882915796,0.13086699027653254,10000,6428,3636,0.10903226169592375,0.12723379163969803,0.018201529943774275,5,0.0060951749345388015,0.018105873609675797,False,False,10,14,1221,0.2550685512860536,0.14250155569383946
R6_waveform,deterioration_mortality_365d,record,equal_mass,15,0.12016955092897048,0.10985952258398377,0.13058251804926807,10000,6428,3636,0.10934385249661265,0.1263177898789535,0.016973937382340862,5,0.009626567382748006,0.022166739970158247,False,False,15,428,429,0.2550685512860536,0.14250155569383946
R7_waveform_demo_acq,deterioration_icu_24h,record,equal_width,15,0.13029696515185551,0.12335379869346054,0.13851197301892562,10000,6407,3626,0.11399743930860105,0.14352685334261223,0.029529414034011173,5,0.005985620306923546,0.0181399849944128,False,False,12,1,1606,0.24263559424563888,0.12595598564070548
R7_waveform_demo_acq,deterioration_icu_24h,record,equal_mass,15,0.13006718027624495,0.1218857476300991,0.13809750668908322,10000,6407,3626,0.11681107276957875,0.14392624419593616,0.027115171426357415,5,0.01030280242261672,0.02089164912516914,False,False,15,427,428,0.24263559424563888,0.12595598564070548
R7_waveform_demo_acq,deterioration_mortality_28d,record,equal_width,15,0.1102344866959098,0.1046794279002298,0.1158292673163019,10000,6428,3636,0.09723550746841536,0.12000738798137048,0.022771880512955117,5,0.004408166329425683,0.014397652467154175,False,False,9,6,2117,0.1514461362043624,0.04215930304915993
R7_waveform_demo_acq,deterioration_mortality_28d,record,equal_mass,15,0.1092868331552025,0.10341606946869036,0.11482169779128186,10000,6428,3636,0.0971193108839512,0.11929223376112412,0.022172922877172915,5,0.008027588034659508,0.017874196647106006,False,False,15,428,429,0.1514461362043624,0.04215930304915993
R7_waveform_demo_acq,deterioration_mortality_365d,record,equal_width,15,0.12906274723089578,0.11944791140191978,0.1396525572356744,10000,6428,3636,0.1143311195837029,0.14502336922395503,0.030692249640252134,5,0.006444160787257731,0.018676889345198178,False,False,11,2,1257,0.26114754940231877,0.14250155569383946
R7_waveform_demo_acq,deterioration_mortality_365d,record,equal_mass,15,0.12958177678685753,0.11944849963814651,0.14000399273164915,10000,6428,3636,0.11466950088259535,0.14462302715355888,0.029953526270963524,5,0.010417670320218729,0.02259441314389156,False,False,15,428,429,0.26114754940231877,0.14250155569383946
