estimate,ci_lo,ci_hi,p_value,n_boot,n_groups,n_finite_replicates,arm,label,unit,quantity,question,declared_arm,n_items,exploratory,comparison
0.7979123517436715,0.7810274735477026,0.8147311156599866,0.0,10000,3626,10000,R10_acqctx_informative,deterioration_icu_24h,record,auroc,calendar_features,R3_acqctx_pre,6407,True,exploratory_sensitivities
0.93883857623918,0.8781049489939553,1.0027267850508057,0.0,10000,3626,10000,R10_acqctx_informative,deterioration_icu_24h,record,recovery_ratio,calendar_features,R3_acqctx_pre,6407,True,exploratory_sensitivities
0.7971999468932555,0.7806223460225721,0.8138348456761821,0.0,10000,3626,10000,R3_acqctx_pre,deterioration_icu_24h,record,auroc,calendar_features,R3_acqctx_pre,6407,True,exploratory_sensitivities
0.9365935093543871,0.8757675536653107,0.9995075881913935,0.0,10000,3626,10000,R3_acqctx_pre,deterioration_icu_24h,record,recovery_ratio,calendar_features,R3_acqctx_pre,6407,True,exploratory_sensitivities
-0.0007124048504160152,-0.0028416432227637537,0.0013124751875841485,0.5132,10000,3626,10000,R3_acqctx_pre - R10_acqctx_informative,deterioration_icu_24h,record,paired_difference,calendar_features,R3_acqctx_pre,6407,True,exploratory_sensitivities
0.7530495095433332,0.7181224453367561,0.7868048637571119,0.0,10000,3636,10000,R10_acqctx_informative,deterioration_mortality_28d,record,auroc,calendar_features,R3_acqctx_pre,6428,True,exploratory_sensitivities
0.7285827557675332,0.6277997032754911,0.8274126485207572,0.0,10000,3636,10000,R10_acqctx_informative,deterioration_mortality_28d,record,recovery_ratio,calendar_features,R3_acqctx_pre,6428,True,exploratory_sensitivities
0.7586963387905765,0.7263843102091624,0.79034374590703,0.0,10000,3636,10000,R3_acqctx_pre,deterioration_mortality_28d,record,auroc,calendar_features,R3_acqctx_pre,6428,True,exploratory_sensitivities
0.7448411647315732,0.6514658658043114,0.8382008343359183,0.0,10000,3636,10000,R3_acqctx_pre,deterioration_mortality_28d,record,recovery_ratio,calendar_features,R3_acqctx_pre,6428,True,exploratory_sensitivities
0.005646829247243357,-0.0036946561197651016,0.01558479144244032,0.2468,10000,3636,10000,R3_acqctx_pre - R10_acqctx_informative,deterioration_mortality_28d,record,paired_difference,calendar_features,R3_acqctx_pre,6428,True,exploratory_sensitivities
0.7259136081023697,0.7045664550804259,0.746318415486599,0.0,10000,3636,10000,R10_acqctx_informative,deterioration_mortality_365d,record,auroc,calendar_features,R3_acqctx_pre,6428,True,exploratory_sensitivities
0.6857899382171226,0.6188393041004171,0.7531894717232545,0.0,10000,3636,10000,R10_acqctx_informative,deterioration_mortality_365d,record,recovery_ratio,calendar_features,R3_acqctx_pre,6428,True,exploratory_sensitivities
0.7241058215184337,0.7029247799287801,0.7441125634113148,0.0,10000,3636,10000,R3_acqctx_pre,deterioration_mortality_365d,record,auroc,calendar_features,R3_acqctx_pre,6428,True,exploratory_sensitivities
0.6803021685332998,0.6149324821071007,0.7476139961098882,0.0,10000,3636,10000,R3_acqctx_pre,deterioration_mortality_365d,record,recovery_ratio,calendar_features,R3_acqctx_pre,6428,True,exploratory_sensitivities
-0.0018077865839359886,-0.004200095238568663,0.0006139453856256026,0.147,10000,3636,10000,R3_acqctx_pre - R10_acqctx_informative,deterioration_mortality_365d,record,paired_difference,calendar_features,R3_acqctx_pre,6428,True,exploratory_sensitivities
0.7993759957514605,0.7829562055506655,0.8158441167504593,0.0,10000,3626,10000,R3s_acqctx_shared,deterioration_icu_24h,record,auroc,shared_configuration,R3_acqctx_pre,6407,True,exploratory_sensitivities
0.9434510921296789,0.8826600226337161,1.006878983001188,0.0,10000,3626,10000,R3s_acqctx_shared,deterioration_icu_24h,record,recovery_ratio,shared_configuration,R3_acqctx_pre,6407,True,exploratory_sensitivities
0.7971999468932555,0.7806223460225721,0.8138348456761821,0.0,10000,3626,10000,R3_acqctx_pre,deterioration_icu_24h,record,auroc,shared_configuration,R3_acqctx_pre,6407,True,exploratory_sensitivities
0.9365935093543871,0.8757675536653107,0.9995075881913935,0.0,10000,3626,10000,R3_acqctx_pre,deterioration_icu_24h,record,recovery_ratio,shared_configuration,R3_acqctx_pre,6407,True,exploratory_sensitivities
-0.002176048858204993,-0.00415030957661576,-0.000219701722327165,0.0318,10000,3626,10000,R3_acqctx_pre - R3s_acqctx_shared,deterioration_icu_24h,record,paired_difference,shared_configuration,R3_acqctx_pre,6407,True,exploratory_sensitivities
0.7627924175944699,0.7310932825494897,0.7943474363943382,0.0,10000,3636,10000,R3s_acqctx_shared,deterioration_mortality_28d,record,auroc,shared_configuration,R3_acqctx_pre,6428,True,exploratory_sensitivities
0.7566346370373181,0.6639771386580325,0.8498260578674218,0.0,10000,3636,10000,R3s_acqctx_shared,deterioration_mortality_28d,record,recovery_ratio,shared_configuration,R3_acqctx_pre,6428,True,exploratory_sensitivities
0.7586963387905765,0.7263843102091624,0.79034374590703,0.0,10000,3636,10000,R3_acqctx_pre,deterioration_mortality_28d,record,auroc,shared_configuration,R3_acqctx_pre,6428,True,exploratory_sensitivities
0.7448411647315732,0.6514658658043114,0.8382008343359183,0.0,10000,3636,10000,R3_acqctx_pre,deterioration_mortality_28d,record,recovery_ratio,shared_configuration,R3_acqctx_pre,6428,True,exploratory_sensitivities
-0.004096078803893399,-0.00971405971780483,0.0013553466028983006,0.1388,10000,3636,10000,R3_acqctx_pre - R3s_acqctx_shared,deterioration_mortality_28d,record,paired_difference,shared_configuration,R3_acqctx_pre,6428,True,exploratory_sensitivities
0.7252661521349212,0.7043535283015168,0.7454874426452438,0.0,10000,3636,10000,R3s_acqctx_shared,deterioration_mortality_365d,record,auroc,shared_configuration,R3_acqctx_pre,6428,True,exploratory_sensitivities
0.6838245019973016,0.6176231190058438,0.7513809547816648,0.0,10000,3636,10000,R3s_acqctx_shared,deterioration_mortality_365d,record,recovery_ratio,shared_configuration,R3_acqctx_pre,6428,True,exploratory_sensitivities
0.7241058215184337,0.7029247799287801,0.7441125634113148,0.0,10000,3636,10000,R3_acqctx_pre,deterioration_mortality_365d,record,auroc,shared_configuration,R3_acqctx_pre,6428,True,exploratory_sensitivities
0.6803021685332998,0.6149324821071007,0.7476139961098882,0.0,10000,3636,10000,R3_acqctx_pre,deterioration_mortality_365d,record,recovery_ratio,shared_configuration,R3_acqctx_pre,6428,True,exploratory_sensitivities
-0.0011603306164874594,-0.0046944721470528385,0.0023559895844600027,0.5328,10000,3636,10000,R3_acqctx_pre - R3s_acqctx_shared,deterioration_mortality_365d,record,paired_difference,shared_configuration,R3_acqctx_pre,6428,True,exploratory_sensitivities
0.8103890069038768,0.7938967975346525,0.8264599754613465,0.0,10000,3626,10000,R4s_demo_acq_shared,deterioration_icu_24h,record,auroc,shared_configuration,R4_demo_acq,6407,True,exploratory_sensitivities
0.9781574064195175,0.9190201882080447,1.040681458263318,0.0,10000,3626,10000,R4s_demo_acq_shared,deterioration_icu_24h,record,recovery_ratio,shared_configuration,R4_demo_acq,6407,True,exploratory_sensitivities
0.8093587360594795,0.7927995163813679,0.8254558772702772,0.0,10000,3626,10000,R4_demo_acq,deterioration_icu_24h,record,auroc,shared_configuration,R4_demo_acq,6407,True,exploratory_sensitivities
0.9749106192116914,0.9154754446133734,1.037608594951538,0.0,10000,3626,10000,R4_demo_acq,deterioration_icu_24h,record,recovery_ratio,shared_configuration,R4_demo_acq,6407,True,exploratory_sensitivities
-0.0010302708443973296,-0.002368423980986156,0.00027541552415969166,0.1238,10000,3626,10000,R4_demo_acq - R4s_demo_acq_shared,deterioration_icu_24h,record,paired_difference,shared_configuration,R4_demo_acq,6407,True,exploratory_sensitivities
0.8087575597211226,0.77997720443686,0.8356682914460859,0.0,10000,3636,10000,R4s_demo_acq_shared,deterioration_mortality_28d,record,auroc,shared_configuration,R4_demo_acq,6428,True,exploratory_sensitivities
0.8889779479582512,0.8069146655882556,0.9712958605545172,0.0,10000,3636,10000,R4s_demo_acq_shared,deterioration_mortality_28d,record,recovery_ratio,shared_configuration,R4_demo_acq,6428,True,exploratory_sensitivities
0.8101851491147687,0.7818403287210419,0.8370784712357014,0.0,10000,3636,10000,R4_demo_acq,deterioration_mortality_28d,record,auroc,shared_configuration,R4_demo_acq,6428,True,exploratory_sensitivities
0.8930882780529596,0.8095217460019601,0.9768514704429525,0.0,10000,3636,10000,R4_demo_acq,deterioration_mortality_28d,record,recovery_ratio,shared_configuration,R4_demo_acq,6428,True,exploratory_sensitivities
0.001427589393646067,-0.0019980617439082525,0.004856391577199803,0.414,10000,3636,10000,R4_demo_acq - R4s_demo_acq_shared,deterioration_mortality_28d,record,paired_difference,shared_configuration,R4_demo_acq,6428,True,exploratory_sensitivities
0.8037269617381053,0.7827696039839459,0.8233075971906466,0.0,10000,3636,10000,R4s_demo_acq_shared,deterioration_mortality_365d,record,auroc,shared_configuration,R4_demo_acq,6428,True,exploratory_sensitivities
0.9220024241782925,0.8552899497793659,0.9878519065955638,0.0,10000,3636,10000,R4s_demo_acq_shared,deterioration_mortality_365d,record,recovery_ratio,shared_configuration,R4_demo_acq,6428,True,exploratory_sensitivities
0.8032795456994188,0.7831604098018676,0.8220566172014621,0.0,10000,3636,10000,R4_demo_acq,deterioration_mortality_365d,record,auroc,shared_configuration,R4_demo_acq,6428,True,exploratory_sensitivities
0.9206442350009981,0.8567543809917325,0.9848751877758072,0.0,10000,3636,10000,R4_demo_acq,deterioration_mortality_365d,record,recovery_ratio,shared_configuration,R4_demo_acq,6428,True,exploratory_sensitivities
-0.0004474160386864767,-0.003649859241659381,0.003190144076715728,0.743,10000,3636,10000,R4_demo_acq - R4s_demo_acq_shared,deterioration_mortality_365d,record,paired_difference,shared_configuration,R4_demo_acq,6428,True,exploratory_sensitivities
