run_id,arm,seed,unit,target,auroc,lo,hi,n_defined,n_positive,nan_replicates
0621cb0719197e5d,R7_waveform_demo_acq,4,crop,deterioration_severe_hypoxemia,0.6948138689199983,0.5889071413563839,0.7875862024762604,17728,108,0
0621cb0719197e5d,R7_waveform_demo_acq,4,crop,deterioration_ecmo,0.94394548125108,0.9127578518330718,0.9795559310508732,25756,36,1
0621cb0719197e5d,R7_waveform_demo_acq,4,crop,deterioration_vasopressors,0.9015370435181386,0.8711441292044619,0.9306518676789255,25756,260,0
0621cb0719197e5d,R7_waveform_demo_acq,4,crop,deterioration_inotropes,0.9248815314063369,0.8697646050802421,0.9665165263329153,25756,56,0
0621cb0719197e5d,R7_waveform_demo_acq,4,crop,deterioration_mechanical_ventilation,0.9181875862088866,0.8994348244282623,0.9354810533038964,25756,892,0
0621cb0719197e5d,R7_waveform_demo_acq,4,crop,deterioration_cardiac_arrest,0.9783090367627376,0.953499137067535,0.9933027830864797,25756,140,0
0621cb0719197e5d,R7_waveform_demo_acq,4,crop,deterioration_icu_24h,0.85221773903567,0.8374164381131918,0.866748895115126,25628,3228,0
0621cb0719197e5d,R7_waveform_demo_acq,4,crop,deterioration_icu_stay,0.8398112566098578,0.8252039090166888,0.8538859102333177,25628,3824,0
0621cb0719197e5d,R7_waveform_demo_acq,4,crop,deterioration_mortality_1d,0.9303536236567052,0.8979964412298747,0.9583170442508763,25712,196,0
0621cb0719197e5d,R7_waveform_demo_acq,4,crop,deterioration_mortality_7d,0.9143317666324958,0.8917748944005838,0.9343014121451737,25712,492,0
0621cb0719197e5d,R7_waveform_demo_acq,4,crop,deterioration_mortality_28d,0.8665988656597626,0.8426865635241382,0.8890664108544132,25712,1084,0
0621cb0719197e5d,R7_waveform_demo_acq,4,crop,deterioration_mortality_90d,0.8520014922510646,0.8333864358977658,0.8700794295286131,25712,1876,0
0621cb0719197e5d,R7_waveform_demo_acq,4,crop,deterioration_mortality_180d,0.8504043541425054,0.8338676787919634,0.8665931433326852,25712,2568,0
0621cb0719197e5d,R7_waveform_demo_acq,4,crop,deterioration_mortality_365d,0.8451028690479209,0.8278706791262798,0.8614448098912656,25712,3664,0
0621cb0719197e5d,R7_waveform_demo_acq,4,crop,deterioration_mortality_stay,0.9170929185923733,0.8583394066599161,0.9963612211102555,25712,36,8
0621cb0719197e5d,R7_waveform_demo_acq,4,record,deterioration_severe_hypoxemia,0.7026443015092277,0.5928221402920509,0.7972242947025989,4432,27,0
0621cb0719197e5d,R7_waveform_demo_acq,4,record,deterioration_ecmo,0.9503369621565578,0.9205068712328794,0.9846354257447618,6439,9,1
0621cb0719197e5d,R7_waveform_demo_acq,4,record,deterioration_vasopressors,0.9066399555888103,0.8765485404913368,0.9351179169990842,6439,65,0
0621cb0719197e5d,R7_waveform_demo_acq,4,record,deterioration_inotropes,0.9324624791550862,0.877351036493739,0.9721980455150026,6439,14,0
0621cb0719197e5d,R7_waveform_demo_acq,4,record,deterioration_mechanical_ventilation,0.920407915923611,0.9017882399751799,0.9376581072939898,6439,223,0
0621cb0719197e5d,R7_waveform_demo_acq,4,record,deterioration_cardiac_arrest,0.9797448023556705,0.9554742470967644,0.9943578587198367,6439,35,0
0621cb0719197e5d,R7_waveform_demo_acq,4,record,deterioration_icu_24h,0.8552865551425031,0.8405420643972162,0.869775388064138,6407,807,0
0621cb0719197e5d,R7_waveform_demo_acq,4,record,deterioration_icu_stay,0.8430205313370008,0.8283402183748864,0.8571377174533227,6407,956,0
0621cb0719197e5d,R7_waveform_demo_acq,4,record,deterioration_mortality_1d,0.9337814448557288,0.9019017625392448,0.9611700122281422,6428,49,0
0621cb0719197e5d,R7_waveform_demo_acq,4,record,deterioration_mortality_7d,0.9179461390172982,0.8954744133350019,0.9378177722016727,6428,123,0
0621cb0719197e5d,R7_waveform_demo_acq,4,record,deterioration_mortality_28d,0.8697189830433305,0.8456526643560677,0.8922937592404678,6428,271,0
0621cb0719197e5d,R7_waveform_demo_acq,4,record,deterioration_mortality_90d,0.8551237292787137,0.8363248570645149,0.8733186406891205,6428,469,0
0621cb0719197e5d,R7_waveform_demo_acq,4,record,deterioration_mortality_180d,0.8536444721548307,0.8370527774498732,0.8698319799946596,6428,642,0
0621cb0719197e5d,R7_waveform_demo_acq,4,record,deterioration_mortality_365d,0.8481200802061085,0.8308046269672187,0.8645335066155492,6428,916,0
0621cb0719197e5d,R7_waveform_demo_acq,4,record,deterioration_mortality_stay,0.9221754859704696,0.8664954070550004,0.99707164769482,6428,9,8
137a83368b14293b,R6_waveform,0,crop,deterioration_severe_hypoxemia,0.7175431958632866,0.6197055479938499,0.8077632729722892,17728,108,0
137a83368b14293b,R6_waveform,0,crop,deterioration_ecmo,0.8339986175911526,0.7542485180313335,0.9083761267765476,25756,36,1
137a83368b14293b,R6_waveform,0,crop,deterioration_vasopressors,0.8945836903526345,0.8596554863654566,0.9249195877058053,25756,260,0
137a83368b14293b,R6_waveform,0,crop,deterioration_inotropes,0.8831746803779877,0.7845771781909078,0.9572308968179292,25756,56,0
137a83368b14293b,R6_waveform,0,crop,deterioration_mechanical_ventilation,0.8348242916803735,0.8085830070900077,0.858929194071648,25756,892,0
137a83368b14293b,R6_waveform,0,crop,deterioration_cardiac_arrest,0.9531562304809494,0.9267222501513235,0.9734081747569735,25756,140,0
137a83368b14293b,R6_waveform,0,crop,deterioration_icu_24h,0.8071221054058241,0.790026002160462,0.8240443146236267,25628,3228,0
137a83368b14293b,R6_waveform,0,crop,deterioration_icu_stay,0.8055898069929206,0.7894513007159569,0.8212156480005293,25628,3824,0
137a83368b14293b,R6_waveform,0,crop,deterioration_mortality_1d,0.9263197401550368,0.8909916727149045,0.9543543649529749,25712,196,0
137a83368b14293b,R6_waveform,0,crop,deterioration_mortality_7d,0.8797485380682514,0.8505329294942552,0.9058847284686942,25712,492,0
137a83368b14293b,R6_waveform,0,crop,deterioration_mortality_28d,0.834526705720606,0.8084739122890747,0.8585099525590368,25712,1084,0
137a83368b14293b,R6_waveform,0,crop,deterioration_mortality_90d,0.825065899853691,0.8039411554025943,0.8452642236237363,25712,1876,0
137a83368b14293b,R6_waveform,0,crop,deterioration_mortality_180d,0.8268802704024001,0.8076622864474895,0.8457895989271101,25712,2568,0
137a83368b14293b,R6_waveform,0,crop,deterioration_mortality_365d,0.82041671634655,0.8014587362839295,0.8388904032571998,25712,3664,0
137a83368b14293b,R6_waveform,0,crop,deterioration_mortality_stay,0.9302407349708331,0.886296307801038,0.959848555448413,25712,36,8
137a83368b14293b,R6_waveform,0,record,deterioration_severe_hypoxemia,0.722991550006306,0.6236242134724433,0.8145109999294087,4432,27,0
137a83368b14293b,R6_waveform,0,record,deterioration_ecmo,0.8500432002764817,0.76448099123823,0.9303563665250412,6439,9,1
137a83368b14293b,R6_waveform,0,record,deterioration_vasopressors,0.903096715020154,0.868748967247595,0.9326948508988093,6439,65,0
137a83368b14293b,R6_waveform,0,record,deterioration_inotropes,0.8973540856031128,0.8015012280534761,0.9651701217675512,6439,14,0
137a83368b14293b,R6_waveform,0,record,deterioration_mechanical_ventilation,0.842822082171858,0.8162299395305981,0.8672413393314555,6439,223,0
137a83368b14293b,R6_waveform,0,record,deterioration_cardiac_arrest,0.9597394485589363,0.9337476546449269,0.9788833619462503,6439,35,0
137a83368b14293b,R6_waveform,0,record,deterioration_icu_24h,0.814227960701009,0.7966984937363606,0.8314425739529216,6407,807,0
137a83368b14293b,R6_waveform,0,record,deterioration_icu_stay,0.8122346558038178,0.7957371727265407,0.8281476044160682,6407,956,0
137a83368b14293b,R6_waveform,0,record,deterioration_mortality_1d,0.9319642577206458,0.8972067735921142,0.9595265006192265,6428,49,0
137a83368b14293b,R6_waveform,0,record,deterioration_mortality_7d,0.885670812298924,0.8561589181624258,0.912059032079852,6428,123,0
137a83368b14293b,R6_waveform,0,record,deterioration_mortality_28d,0.8401183784454379,0.8138034370341921,0.8644246018290264,6428,271,0
137a83368b14293b,R6_waveform,0,record,deterioration_mortality_90d,0.830815118662674,0.8093705416540474,0.8512469509211619,6428,469,0
137a83368b14293b,R6_waveform,0,record,deterioration_mortality_180d,0.8325119824089299,0.8129944258001639,0.8517021365627538,6428,642,0
137a83368b14293b,R6_waveform,0,record,deterioration_mortality_365d,0.8257975057199536,0.8065697386653935,0.8443963793955784,6428,916,0
137a83368b14293b,R6_waveform,0,record,deterioration_mortality_stay,0.9375811393259594,0.8940791417305791,0.9665638946283841,6428,9,8
191f79ec470c2743,R7_waveform_demo_acq,2,crop,deterioration_severe_hypoxemia,0.696749274813974,0.5763789358500533,0.8019268136158857,17728,108,0
191f79ec470c2743,R7_waveform_demo_acq,2,crop,deterioration_ecmo,0.9497483583894937,0.9090264215842296,0.9837080266343764,25756,36,1
191f79ec470c2743,R7_waveform_demo_acq,2,crop,deterioration_vasopressors,0.895245709734257,0.8571597341908409,0.9299116931311724,25756,260,0
191f79ec470c2743,R7_waveform_demo_acq,2,crop,deterioration_inotropes,0.9294038354641467,0.8617625834601896,0.9698530454949402,25756,56,0
191f79ec470c2743,R7_waveform_demo_acq,2,crop,deterioration_mechanical_ventilation,0.9156185208070018,0.8966507007714302,0.9329660778866704,25756,892,0
191f79ec470c2743,R7_waveform_demo_acq,2,crop,deterioration_cardiac_arrest,0.9814962188810565,0.9625474672447134,0.9925769868694174,25756,140,0
191f79ec470c2743,R7_waveform_demo_acq,2,crop,deterioration_icu_24h,0.8503757855372632,0.8351802540431346,0.8649808669400952,25628,3228,0
191f79ec470c2743,R7_waveform_demo_acq,2,crop,deterioration_icu_stay,0.8387091738857942,0.823946181342529,0.8526686917863419,25628,3824,0
191f79ec470c2743,R7_waveform_demo_acq,2,crop,deterioration_mortality_1d,0.9235015804409238,0.8875613113982316,0.9554279733532834,25712,196,0
191f79ec470c2743,R7_waveform_demo_acq,2,crop,deterioration_mortality_7d,0.9147379080353055,0.8933914303959566,0.933998222463743,25712,492,0
191f79ec470c2743,R7_waveform_demo_acq,2,crop,deterioration_mortality_28d,0.8634451299543855,0.8399342818723071,0.8856390379083318,25712,1084,0
191f79ec470c2743,R7_waveform_demo_acq,2,crop,deterioration_mortality_90d,0.8513664446926063,0.8325084093651347,0.8692864417811093,25712,1876,0
191f79ec470c2743,R7_waveform_demo_acq,2,crop,deterioration_mortality_180d,0.8487961781068925,0.8320034303035694,0.8650509328850878,25712,2568,0
191f79ec470c2743,R7_waveform_demo_acq,2,crop,deterioration_mortality_365d,0.8455221606609794,0.8286941292401095,0.8614519635236514,25712,3664,0
191f79ec470c2743,R7_waveform_demo_acq,2,crop,deterioration_mortality_stay,0.8702679545100483,0.7679262540602723,0.9954371340593966,25712,36,8
191f79ec470c2743,R7_waveform_demo_acq,2,record,deterioration_severe_hypoxemia,0.7000294278387355,0.5783960673646584,0.8065843248215888,4432,27,0
191f79ec470c2743,R7_waveform_demo_acq,2,record,deterioration_ecmo,0.9539830654916192,0.912269163826478,0.9878260247696005,6439,9,1
191f79ec470c2743,R7_waveform_demo_acq,2,record,deterioration_vasopressors,0.8990321257029761,0.8613586304691647,0.9331271628453024,6439,65,0
191f79ec470c2743,R7_waveform_demo_acq,2,record,deterioration_inotropes,0.9340300166759311,0.8663551941225486,0.9731088528078282,6439,14,0
191f79ec470c2743,R7_waveform_demo_acq,2,record,deterioration_mechanical_ventilation,0.9185625407598502,0.8997092723613374,0.9357926008862363,6439,223,0
191f79ec470c2743,R7_waveform_demo_acq,2,record,deterioration_cardiac_arrest,0.9833184616757383,0.9646040309548196,0.994010362450201,6439,35,0
191f79ec470c2743,R7_waveform_demo_acq,2,record,deterioration_icu_24h,0.8540187422552664,0.8387475844235271,0.86865192531283,6407,807,0
191f79ec470c2743,R7_waveform_demo_acq,2,record,deterioration_icu_stay,0.8422722328788469,0.8274812263404542,0.85633561249271,6407,956,0
191f79ec470c2743,R7_waveform_demo_acq,2,record,deterioration_mortality_1d,0.9262311602803843,0.8907418705560464,0.9580328409649937,6428,49,0
191f79ec470c2743,R7_waveform_demo_acq,2,record,deterioration_mortality_7d,0.9185470300381037,0.897315954316554,0.9377853568640027,6428,123,0
191f79ec470c2743,R7_waveform_demo_acq,2,record,deterioration_mortality_28d,0.8669614940424213,0.8432284107974025,0.8892368241631561,6428,271,0
191f79ec470c2743,R7_waveform_demo_acq,2,record,deterioration_mortality_90d,0.8548052774270235,0.8358107623865004,0.872838643538383,6428,469,0
191f79ec470c2743,R7_waveform_demo_acq,2,record,deterioration_mortality_180d,0.8523977739801627,0.8354360287713052,0.8687657369838148,6428,642,0
191f79ec470c2743,R7_waveform_demo_acq,2,record,deterioration_mortality_365d,0.848901325254625,0.8320101189144854,0.8648841235577205,6428,916,0
191f79ec470c2743,R7_waveform_demo_acq,2,record,deterioration_mortality_stay,0.8742967925083519,0.7724247579803364,0.9962915826175937,6428,9,8
2afeb975805d2e76,R6_waveform,2,crop,deterioration_severe_hypoxemia,0.714677922814983,0.5998582126836983,0.8174156034616404,17728,108,0
2afeb975805d2e76,R6_waveform,2,crop,deterioration_ecmo,0.8379492828754104,0.7415515043885808,0.938682645853275,25756,36,1
2afeb975805d2e76,R6_waveform,2,crop,deterioration_vasopressors,0.8923689387173855,0.8539301453120365,0.9250965849320756,25756,260,0
2afeb975805d2e76,R6_waveform,2,crop,deterioration_inotropes,0.873035019455253,0.76938232378183,0.9560675554622807,25756,56,0
2afeb975805d2e76,R6_waveform,2,crop,deterioration_mechanical_ventilation,0.8245676434963151,0.7968560720221814,0.8502761273376517,25756,892,0
2afeb975805d2e76,R6_waveform,2,crop,deterioration_cardiac_arrest,0.9430830061568662,0.9147683437983395,0.9670021632293517,25756,140,0
2afeb975805d2e76,R6_waveform,2,crop,deterioration_icu_24h,0.7990069315365551,0.7816734117690131,0.8161515705409478,25628,3228,0
2afeb975805d2e76,R6_waveform,2,crop,deterioration_icu_stay,0.79561405737038,0.7794179896484287,0.8117676629169596,25628,3824,0
2afeb975805d2e76,R6_waveform,2,crop,deterioration_mortality_1d,0.9130577532784552,0.8752929397250926,0.9448515316828838,25712,196,0
2afeb975805d2e76,R6_waveform,2,crop,deterioration_mortality_7d,0.863819083125407,0.8336541509965841,0.8910331459025587,25712,492,0
2afeb975805d2e76,R6_waveform,2,crop,deterioration_mortality_28d,0.8264932752868214,0.8009362057148032,0.8499429621285864,25712,1084,0
2afeb975805d2e76,R6_waveform,2,crop,deterioration_mortality_90d,0.817651696686419,0.7972822639956563,0.836944708151852,25712,1876,0
2afeb975805d2e76,R6_waveform,2,crop,deterioration_mortality_180d,0.8204425438646082,0.8017756855034294,0.838508405719475,25712,2568,0
2afeb975805d2e76,R6_waveform,2,crop,deterioration_mortality_365d,0.8128040767840393,0.7934518149366798,0.8313552346944556,25712,3664,0
2afeb975805d2e76,R6_waveform,2,crop,deterioration_mortality_stay,0.9078809004517837,0.8143619114177607,0.9670288951220496,25712,36,8
2afeb975805d2e76,R6_waveform,2,record,deterioration_severe_hypoxemia,0.7190734434775298,0.6021076633661484,0.8235317205523229,4432,27,0
2afeb975805d2e76,R6_waveform,2,record,deterioration_ecmo,0.8457577328494902,0.7470682615381457,0.9439766788354168,6439,9,1
2afeb975805d2e76,R6_waveform,2,record,deterioration_vasopressors,0.8992203905288311,0.8614613770527673,0.9312253405225903,6439,65,0
2afeb975805d2e76,R6_waveform,2,record,deterioration_inotropes,0.8845580878265703,0.7823956667571392,0.9634573956171402,6439,14,0
2afeb975805d2e76,R6_waveform,2,record,deterioration_mechanical_ventilation,0.8312787483191071,0.8031454471463417,0.8571954546267587,6439,223,0
2afeb975805d2e76,R6_waveform,2,record,deterioration_cardiac_arrest,0.9484429374498081,0.9210068292543292,0.9713800133406434,6439,35,0
2afeb975805d2e76,R6_waveform,2,record,deterioration_icu_24h,0.8053990750575323,0.7877938596606686,0.8228485499839138,6407,807,0
2afeb975805d2e76,R6_waveform,2,record,deterioration_icu_stay,0.8015249399557411,0.7850821410522852,0.8178326045512866,6407,956,0
2afeb975805d2e76,R6_waveform,2,record,deterioration_mortality_1d,0.9183193578418983,0.8809027223507997,0.949657554846119,6428,49,0
2afeb975805d2e76,R6_waveform,2,record,deterioration_mortality_7d,0.8700295932380419,0.8397722876898924,0.8972662058196571,6428,123,0
2afeb975805d2e76,R6_waveform,2,record,deterioration_mortality_28d,0.8313191057848536,0.8055257482780244,0.8551490607780324,6428,271,0
2afeb975805d2e76,R6_waveform,2,record,deterioration_mortality_90d,0.8224688176598369,0.801834713697489,0.8420206796835207,6428,469,0
2afeb975805d2e76,R6_waveform,2,record,deterioration_mortality_180d,0.8253683022614475,0.806437024279858,0.8436048988105995,6428,642,0
2afeb975805d2e76,R6_waveform,2,record,deterioration_mortality_365d,0.8176028007174502,0.7979645667939533,0.8363649884136901,6428,916,0
2afeb975805d2e76,R6_waveform,2,record,deterioration_mortality_stay,0.9133129078603451,0.8208946835175811,0.972306207295254,6428,9,8
66ee7b3a83252c43,R7_waveform_demo_acq,0,crop,deterioration_severe_hypoxemia,0.6995055072098205,0.593360496617936,0.78936658872179,17728,108,0
66ee7b3a83252c43,R7_waveform_demo_acq,0,crop,deterioration_ecmo,0.943214316571626,0.8996158694823512,0.98049620528228,25756,36,1
66ee7b3a83252c43,R7_waveform_demo_acq,0,crop,deterioration_vasopressors,0.8935849665709251,0.8624158926095481,0.9224797182469483,25756,260,0
66ee7b3a83252c43,R7_waveform_demo_acq,0,crop,deterioration_inotropes,0.9185311284046692,0.8467973465577072,0.9685736113895147,25756,56,0
66ee7b3a83252c43,R7_waveform_demo_acq,0,crop,deterioration_mechanical_ventilation,0.9127767611862343,0.8939184361805329,0.9303844761820532,25756,892,0
66ee7b3a83252c43,R7_waveform_demo_acq,0,crop,deterioration_cardiac_arrest,0.9816830440795931,0.9589689117832361,0.9942999984672665,25756,140,0
66ee7b3a83252c43,R7_waveform_demo_acq,0,crop,deterioration_icu_24h,0.8499739099287484,0.8350104495650786,0.8642630429315206,25628,3228,0
66ee7b3a83252c43,R7_waveform_demo_acq,0,crop,deterioration_icu_stay,0.8391464269156402,0.8245607288295227,0.8531439073740854,25628,3824,0
66ee7b3a83252c43,R7_waveform_demo_acq,0,crop,deterioration_mortality_1d,0.9280820397605664,0.8957999252743549,0.956446209658768,25712,196,0
66ee7b3a83252c43,R7_waveform_demo_acq,0,crop,deterioration_mortality_7d,0.9122431142531092,0.8903025577212862,0.9324743953211536,25712,492,0
66ee7b3a83252c43,R7_waveform_demo_acq,0,crop,deterioration_mortality_28d,0.868743471115887,0.8452614442616615,0.8905838820842432,25712,1084,0
66ee7b3a83252c43,R7_waveform_demo_acq,0,crop,deterioration_mortality_90d,0.8554410070628327,0.8370322785180067,0.872828695445835,25712,1876,0
66ee7b3a83252c43,R7_waveform_demo_acq,0,crop,deterioration_mortality_180d,0.8530727098819473,0.8363778110389936,0.869263614949415,25712,2568,0
66ee7b3a83252c43,R7_waveform_demo_acq,0,crop,deterioration_mortality_365d,0.8490006148752067,0.8323504909858457,0.8648687635152397,25712,3664,0
66ee7b3a83252c43,R7_waveform_demo_acq,0,crop,deterioration_mortality_stay,0.8746927524190338,0.7698871437158556,0.9924523868714108,25712,36,8
66ee7b3a83252c43,R7_waveform_demo_acq,0,record,deterioration_severe_hypoxemia,0.704199772985244,0.5957702769617125,0.7957740833737504,4432,27,0
66ee7b3a83252c43,R7_waveform_demo_acq,0,record,deterioration_ecmo,0.9471747019180923,0.9040944489900294,0.9842684910257968,6439,9,1
66ee7b3a83252c43,R7_waveform_demo_acq,0,record,deterioration_vasopressors,0.8983949216770052,0.8675901932723253,0.9265337969928484,6439,65,0
66ee7b3a83252c43,R7_waveform_demo_acq,0,record,deterioration_inotropes,0.9241356309060589,0.8542733422079956,0.9717338395776588,6439,14,0
66ee7b3a83252c43,R7_waveform_demo_acq,0,record,deterioration_mechanical_ventilation,0.9151596343300379,0.8963410612973471,0.9326185101413254,6439,223,0
66ee7b3a83252c43,R7_waveform_demo_acq,0,record,deterioration_cardiac_arrest,0.9827429285268136,0.9606004817357437,0.9950448233107806,6439,35,0
66ee7b3a83252c43,R7_waveform_demo_acq,0,record,deterioration_icu_24h,0.8532859798194371,0.838243088379655,0.8676658364824367,6407,807,0
66ee7b3a83252c43,R7_waveform_demo_acq,0,record,deterioration_icu_stay,0.842492337592657,0.8277913269724123,0.8565813093308022,6407,956,0
66ee7b3a83252c43,R7_waveform_demo_acq,0,record,deterioration_mortality_1d,0.9309212946818483,0.8989725592642424,0.958938920651819,6428,49,0
66ee7b3a83252c43,R7_waveform_demo_acq,0,record,deterioration_mortality_7d,0.9154626280600633,0.8935228559762357,0.9356084937287733,6428,123,0
66ee7b3a83252c43,R7_waveform_demo_acq,0,record,deterioration_mortality_28d,0.8717252196072391,0.848158559962898,0.8937236392392435,6428,271,0
66ee7b3a83252c43,R7_waveform_demo_acq,0,record,deterioration_mortality_90d,0.8586651643372569,0.8400702943293834,0.8761032383602536,6428,469,0
66ee7b3a83252c43,R7_waveform_demo_acq,0,record,deterioration_mortality_180d,0.8563971149611319,0.8395725362528066,0.8726124457974798,6428,642,0
66ee7b3a83252c43,R7_waveform_demo_acq,0,record,deterioration_mortality_365d,0.8523325051812323,0.8355488540675231,0.8682781633296228,6428,916,0
66ee7b3a83252c43,R7_waveform_demo_acq,0,record,deterioration_mortality_stay,0.8769451801076664,0.7713669872875223,0.9937426488467367,6428,9,8
746ce85b4ac8762f,R7_waveform_demo_acq,3,crop,deterioration_severe_hypoxemia,0.7110049606928154,0.5988384491733174,0.8122384482070636,17728,108,0
746ce85b4ac8762f,R7_waveform_demo_acq,3,crop,deterioration_ecmo,0.9531698202868498,0.9216144252347684,0.9821859153790924,25756,36,1
746ce85b4ac8762f,R7_waveform_demo_acq,3,crop,deterioration_vasopressors,0.8934528191450846,0.8619877406475801,0.923904405266149,25756,260,0
746ce85b4ac8762f,R7_waveform_demo_acq,3,crop,deterioration_inotropes,0.9207010839355197,0.8551758625777388,0.9643845724030049,25756,56,0
746ce85b4ac8762f,R7_waveform_demo_acq,3,crop,deterioration_mechanical_ventilation,0.9143289269410345,0.8952788767307227,0.9319356633604396,25756,892,0
746ce85b4ac8762f,R7_waveform_demo_acq,3,crop,deterioration_cardiac_arrest,0.9802277594360668,0.9589112417638982,0.9925871927204074,25756,140,0
746ce85b4ac8762f,R7_waveform_demo_acq,3,crop,deterioration_icu_24h,0.8510223947269429,0.836351301017093,0.8655110483690658,25628,3228,0
746ce85b4ac8762f,R7_waveform_demo_acq,3,crop,deterioration_icu_stay,0.8393433122132594,0.8247805885573352,0.8531330819348018,25628,3824,0
746ce85b4ac8762f,R7_waveform_demo_acq,3,crop,deterioration_mortality_1d,0.9349937694155888,0.9043673999903109,0.9619944034899442,25712,196,0
746ce85b4ac8762f,R7_waveform_demo_acq,3,crop,deterioration_mortality_7d,0.9125008059160686,0.8907250644436012,0.9323896695713375,25712,492,0
746ce85b4ac8762f,R7_waveform_demo_acq,3,crop,deterioration_mortality_28d,0.8617396790441024,0.8379837024289365,0.8839149893669289,25712,1084,0
746ce85b4ac8762f,R7_waveform_demo_acq,3,crop,deterioration_mortality_90d,0.8465893314693762,0.827851428417694,0.8646755616816989,25712,1876,0
746ce85b4ac8762f,R7_waveform_demo_acq,3,crop,deterioration_mortality_180d,0.8450553853269197,0.8281405689065994,0.8615728536521222,25712,2568,0
746ce85b4ac8762f,R7_waveform_demo_acq,3,crop,deterioration_mortality_365d,0.8452377660233964,0.8285387598516815,0.8608417236554273,25712,3664,0
746ce85b4ac8762f,R7_waveform_demo_acq,3,crop,deterioration_mortality_stay,0.8799889866888231,0.8054289169005937,0.9854447240676358,25712,36,8
746ce85b4ac8762f,R7_waveform_demo_acq,3,record,deterioration_severe_hypoxemia,0.715449615336108,0.6015933478373725,0.817694492894138,4432,27,0
746ce85b4ac8762f,R7_waveform_demo_acq,3,record,deterioration_ecmo,0.9560393986521514,0.9250969162949565,0.9849566938863197,6439,9,1
746ce85b4ac8762f,R7_waveform_demo_acq,3,record,deterioration_vasopressors,0.8986700779609471,0.8679961445613432,0.9285923967504263,6439,65,0
746ce85b4ac8762f,R7_waveform_demo_acq,3,record,deterioration_inotropes,0.927615341856587,0.8622751749889821,0.9696884927347078,6439,14,0
746ce85b4ac8762f,R7_waveform_demo_acq,3,record,deterioration_mechanical_ventilation,0.9168758765171321,0.8979743091460535,0.9343181143560523,6439,223,0
746ce85b4ac8762f,R7_waveform_demo_acq,3,record,deterioration_cardiac_arrest,0.9813330953868118,0.9600845100005017,0.993467435107499,6439,35,0
746ce85b4ac8762f,R7_waveform_demo_acq,3,record,deterioration_icu_24h,0.8542607098601522,0.8394771171480571,0.8687982695197601,6407,807,0
746ce85b4ac8762f,R7_waveform_demo_acq,3,record,deterioration_icu_stay,0.8425477955371131,0.827872416766395,0.8564085984866556,6407,956,0
746ce85b4ac8762f,R7_waveform_demo_acq,3,record,deterioration_mortality_1d,0.9379692933765449,0.9081871440684429,0.9643289714376091,6428,49,0
746ce85b4ac8762f,R7_waveform_demo_acq,3,record,deterioration_mortality_7d,0.9167985145355022,0.894793349075641,0.9367175245644013,6428,123,0
746ce85b4ac8762f,R7_waveform_demo_acq,3,record,deterioration_mortality_28d,0.8651467414463003,0.8412345633836165,0.8874644858215854,6428,271,0
746ce85b4ac8762f,R7_waveform_demo_acq,3,record,deterioration_mortality_90d,0.8497647928935859,0.8308482557528837,0.8680378147655556,6428,469,0
746ce85b4ac8762f,R7_waveform_demo_acq,3,record,deterioration_mortality_180d,0.848355898274167,0.8313438653443644,0.8649287965421306,6428,642,0
746ce85b4ac8762f,R7_waveform_demo_acq,3,record,deterioration_mortality_365d,0.8483665650490236,0.8315442876031235,0.8640263081051888,6428,916,0
746ce85b4ac8762f,R7_waveform_demo_acq,3,record,deterioration_mortality_stay,0.8846480067854113,0.8122523866027673,0.9877011995898093,6428,9,8
7c50552393f79819,R7_waveform_demo_acq,1,crop,deterioration_severe_hypoxemia,0.7032478349518645,0.5961697357347449,0.7983875226034479,17728,108,0
7c50552393f79819,R7_waveform_demo_acq,1,crop,deterioration_ecmo,0.930833117331951,0.8888422711079298,0.9724269017114201,25756,36,1
7c50552393f79819,R7_waveform_demo_acq,1,crop,deterioration_vasopressors,0.8874900436870942,0.8564562295157969,0.917755852212807,25756,260,0
7c50552393f79819,R7_waveform_demo_acq,1,crop,deterioration_inotropes,0.9409658143413008,0.8785712376916319,0.9778720786698674,25756,56,0
7c50552393f79819,R7_waveform_demo_acq,1,crop,deterioration_mechanical_ventilation,0.9148670561576951,0.8960277686155778,0.9321437893543031,25756,892,0
7c50552393f79819,R7_waveform_demo_acq,1,crop,deterioration_cardiac_arrest,0.9848576782368162,0.9686818203281748,0.9950325443660939,25756,140,0
7c50552393f79819,R7_waveform_demo_acq,1,crop,deterioration_icu_24h,0.8518774340591255,0.8370710753843533,0.866187870021973,25628,3228,0
7c50552393f79819,R7_waveform_demo_acq,1,crop,deterioration_icu_stay,0.8402322764373202,0.8259767849789056,0.8541728642309699,25628,3824,0
7c50552393f79819,R7_waveform_demo_acq,1,crop,deterioration_mortality_1d,0.929714968759098,0.8998176051091298,0.9562196805233129,25712,196,0
7c50552393f79819,R7_waveform_demo_acq,1,crop,deterioration_mortality_7d,0.91602257854458,0.89484361558477,0.9346523381466103,25712,492,0
7c50552393f79819,R7_waveform_demo_acq,1,crop,deterioration_mortality_28d,0.8654041884945405,0.8418840013361917,0.8876597121520031,25712,1084,0
7c50552393f79819,R7_waveform_demo_acq,1,crop,deterioration_mortality_90d,0.8521773787548247,0.8338087807725492,0.8698781396922195,25712,1876,0
7c50552393f79819,R7_waveform_demo_acq,1,crop,deterioration_mortality_180d,0.8492590965759008,0.832728088442908,0.8655505354983631,25712,2568,0
7c50552393f79819,R7_waveform_demo_acq,1,crop,deterioration_mortality_365d,0.8479130029815852,0.8312487104038926,0.8635237507919357,25712,3664,0
7c50552393f79819,R7_waveform_demo_acq,1,crop,deterioration_mortality_stay,0.8917395838742622,0.8152210740312502,0.9967132260149739,25712,36,8
7c50552393f79819,R7_waveform_demo_acq,1,record,deterioration_severe_hypoxemia,0.7086307647034095,0.5992808912942972,0.8046338632926,4432,27,0
7c50552393f79819,R7_waveform_demo_acq,1,record,deterioration_ecmo,0.9388111283912217,0.895741399242714,0.9810987152475354,6439,9,1
7c50552393f79819,R7_waveform_demo_acq,1,record,deterioration_vasopressors,0.8921025319205426,0.8612754956933719,0.9219623951131117,6439,65,0
7c50552393f79819,R7_waveform_demo_acq,1,record,deterioration_inotropes,0.9445580878265704,0.8808283651038427,0.98055361024598,6439,14,0
7c50552393f79819,R7_waveform_demo_acq,1,record,deterioration_mechanical_ventilation,0.9174587784453255,0.8988488012757538,0.9345807971844915,6439,223,0
7c50552393f79819,R7_waveform_demo_acq,1,record,deterioration_cardiac_arrest,0.9856785937360578,0.969850356222382,0.9955616215769336,6439,35,0
7c50552393f79819,R7_waveform_demo_acq,1,record,deterioration_icu_24h,0.8549977872189768,0.8401262230686811,0.8693249218259759,6407,807,0
7c50552393f79819,R7_waveform_demo_acq,1,record,deterioration_icu_stay,0.8432772881871125,0.8289255912294603,0.8573022641272673,6407,956,0
7c50552393f79819,R7_waveform_demo_acq,1,record,deterioration_mortality_1d,0.9323705654075394,0.9026961922284384,0.9585373083535719,6428,49,0
7c50552393f79819,R7_waveform_demo_acq,1,record,deterioration_mortality_7d,0.9200763363700251,0.8992552300044139,0.9386230237740992,6428,123,0
7c50552393f79819,R7_waveform_demo_acq,1,record,deterioration_mortality_28d,0.868522133329178,0.8449237370201608,0.8908923728818783,6428,271,0
7c50552393f79819,R7_waveform_demo_acq,1,record,deterioration_mortality_90d,0.8554861918919296,0.8370930466590822,0.8732922281963161,6428,469,0
7c50552393f79819,R7_waveform_demo_acq,1,record,deterioration_mortality_180d,0.8525489337782789,0.8359274036938802,0.8688764285189733,6428,642,0
7c50552393f79819,R7_waveform_demo_acq,1,record,deterioration_mortality_365d,0.8510766109354104,0.8343494752446745,0.866750864409569,6428,916,0
7c50552393f79819,R7_waveform_demo_acq,1,record,deterioration_mortality_stay,0.8935625140641499,0.8170355877849469,0.9975145254196046,6428,9,8
b5b1ae9981e7d098,R6_waveform,3,crop,deterioration_severe_hypoxemia,0.6872346239542607,0.5890771766352126,0.7794109347980466,17728,108,0
b5b1ae9981e7d098,R6_waveform,3,crop,deterioration_ecmo,0.8373174788318645,0.7633829822252042,0.9170512111669098,25756,36,1
b5b1ae9981e7d098,R6_waveform,3,crop,deterioration_vasopressors,0.8880694709275663,0.8510964105326317,0.9192702489731543,25756,260,0
b5b1ae9981e7d098,R6_waveform,3,crop,deterioration_inotropes,0.8839952751528627,0.783460887168736,0.953963009911343,25756,56,0
b5b1ae9981e7d098,R6_waveform,3,crop,deterioration_mechanical_ventilation,0.8463039608113879,0.8217046866951654,0.8694216684235307,25756,892,0
b5b1ae9981e7d098,R6_waveform,3,crop,deterioration_cardiac_arrest,0.9563138551797984,0.9312375032533496,0.975129280375499,25756,140,0
b5b1ae9981e7d098,R6_waveform,3,crop,deterioration_icu_24h,0.8066204748628075,0.789473661360223,0.8233917642681484,25628,3228,0
b5b1ae9981e7d098,R6_waveform,3,crop,deterioration_icu_stay,0.8050898399510589,0.7889547764358052,0.8206233353955855,25628,3824,0
b5b1ae9981e7d098,R6_waveform,3,crop,deterioration_mortality_1d,0.9317571047857927,0.901929533696703,0.9560747642161775,25712,196,0
b5b1ae9981e7d098,R6_waveform,3,crop,deterioration_mortality_7d,0.8811320944791525,0.8548111957032569,0.9049109203892097,25712,492,0
b5b1ae9981e7d098,R6_waveform,3,crop,deterioration_mortality_28d,0.8348544609471594,0.8095443850729815,0.8584127488242427,25712,1084,0
b5b1ae9981e7d098,R6_waveform,3,crop,deterioration_mortality_90d,0.8226155537430437,0.8023256750685419,0.8423113559528062,25712,1876,0
b5b1ae9981e7d098,R6_waveform,3,crop,deterioration_mortality_180d,0.8225352338279207,0.8039350302021229,0.8404160574167067,25712,2568,0
b5b1ae9981e7d098,R6_waveform,3,crop,deterioration_mortality_365d,0.815422254085568,0.7968351866275437,0.8335422089325377,25712,3664,0
b5b1ae9981e7d098,R6_waveform,3,crop,deterioration_mortality_stay,0.8955131034602136,0.8242828886097078,0.9395490062200906,25712,36,8
b5b1ae9981e7d098,R6_waveform,3,record,deterioration_severe_hypoxemia,0.6916298818682474,0.5908729530763596,0.7855177479911484,4432,27,0
b5b1ae9981e7d098,R6_waveform,3,record,deterioration_ecmo,0.8535165025056161,0.7736438110496721,0.9376155272612624,6439,9,1
b5b1ae9981e7d098,R6_waveform,3,record,deterioration_vasopressors,0.8963336631990538,0.8595943537531905,0.9273340960922297,6439,65,0
b5b1ae9981e7d098,R6_waveform,3,record,deterioration_inotropes,0.893485269594219,0.7959240193365963,0.9619277689431419,6439,14,0
b5b1ae9981e7d098,R6_waveform,3,record,deterioration_mechanical_ventilation,0.8545450479306982,0.8297082473021666,0.8777089604107535,6439,223,0
b5b1ae9981e7d098,R6_waveform,3,record,deterioration_cardiac_arrest,0.9621174266083697,0.9372844930021874,0.9796860511347114,6439,35,0
b5b1ae9981e7d098,R6_waveform,3,record,deterioration_icu_24h,0.8133328907771287,0.7958818699508906,0.8303168356600932,6407,807,0
b5b1ae9981e7d098,R6_waveform,3,record,deterioration_icu_stay,0.8114127652290586,0.7950617145334002,0.8272418886166453,6407,956,0
b5b1ae9981e7d098,R6_waveform,3,record,deterioration_mortality_1d,0.9373838263946431,0.9081123758113873,0.9613843290191945,6428,49,0
b5b1ae9981e7d098,R6_waveform,3,record,deterioration_mortality_7d,0.8878358252258177,0.861439419227305,0.9116788868925251,6428,123,0
b5b1ae9981e7d098,R6_waveform,3,record,deterioration_mortality_28d,0.8406523759894088,0.8147999212732517,0.8644409747908516,6428,271,0
b5b1ae9981e7d098,R6_waveform,3,record,deterioration_mortality_90d,0.8283669753264221,0.807704428410607,0.8482106355543874,6428,469,0
b5b1ae9981e7d098,R6_waveform,3,record,deterioration_mortality_180d,0.8281901312976968,0.809369926061783,0.846440439857151,6428,642,0
b5b1ae9981e7d098,R6_waveform,3,record,deterioration_mortality_365d,0.8208225523035093,0.8019776545560567,0.839020541340681,6428,916,0
b5b1ae9981e7d098,R6_waveform,3,record,deterioration_mortality_stay,0.902511640788631,0.8289425703992288,0.9470850308893072,6428,9,8
d291e12493bc1715,R6_waveform,4,crop,deterioration_severe_hypoxemia,0.6895662546769243,0.5828029939267597,0.7818234653160248,17728,108,0
d291e12493bc1715,R6_waveform,4,crop,deterioration_ecmo,0.8473156428201141,0.7439639719198757,0.9285186199620579,25756,36,1
d291e12493bc1715,R6_waveform,4,crop,deterioration_vasopressors,0.8886911370712751,0.849964134915811,0.9211386593823498,25756,260,0
d291e12493bc1715,R6_waveform,4,crop,deterioration_inotropes,0.870869927737632,0.7436873021135828,0.9560968148583039,25756,56,0
d291e12493bc1715,R6_waveform,4,crop,deterioration_mechanical_ventilation,0.8405567993922815,0.8152453625167683,0.8641565362084654,25756,892,0
d291e12493bc1715,R6_waveform,4,crop,deterioration_cardiac_arrest,0.950309516373695,0.9196023622584114,0.9743588146836238,25756,140,0
d291e12493bc1715,R6_waveform,4,crop,deterioration_icu_24h,0.8073191189812357,0.790224382338701,0.8240986849220358,25628,3228,0
d291e12493bc1715,R6_waveform,4,crop,deterioration_icu_stay,0.8043832848699981,0.7881462303397628,0.820042446391451,25628,3824,0
d291e12493bc1715,R6_waveform,4,crop,deterioration_mortality_1d,0.9235585674934654,0.8833383389158673,0.9547049636775954,25712,196,0
d291e12493bc1715,R6_waveform,4,crop,deterioration_mortality_7d,0.8821282873316442,0.8532027784481357,0.9078866475003159,25712,492,0
d291e12493bc1715,R6_waveform,4,crop,deterioration_mortality_28d,0.8345346280326535,0.8090749463783367,0.8584180682463294,25712,1084,0
d291e12493bc1715,R6_waveform,4,crop,deterioration_mortality_90d,0.8206464635206248,0.8000020903961036,0.8401986586841836,25712,1876,0
d291e12493bc1715,R6_waveform,4,crop,deterioration_mortality_180d,0.8206778561260234,0.8024665844684037,0.8381904490974731,25712,2568,0
d291e12493bc1715,R6_waveform,4,crop,deterioration_mortality_365d,0.815107141682934,0.7964580321983591,0.8329602848599107,25712,3664,0
d291e12493bc1715,R6_waveform,4,crop,deterioration_mortality_stay,0.8984092364681241,0.8584963715150488,0.9317515142672558,25712,36,8
d291e12493bc1715,R6_waveform,4,record,deterioration_severe_hypoxemia,0.6971370916887375,0.5857695807383095,0.7931060324482596,4432,27,0
d291e12493bc1715,R6_waveform,4,record,deterioration_ecmo,0.8615690340418178,0.7534269829432076,0.9466520617280098,6439,9,1
d291e12493bc1715,R6_waveform,4,record,deterioration_vasopressors,0.8959209287731409,0.857411688801531,0.9279177942944324,6439,65,0
d291e12493bc1715,R6_waveform,4,record,deterioration_inotropes,0.876053362979433,0.7479190132094709,0.9611464144862276,6439,14,0
d291e12493bc1715,R6_waveform,4,record,deterioration_mechanical_ventilation,0.8479058815381685,0.8221590278075621,0.8718884098452901,6439,223,0
d291e12493bc1715,R6_waveform,4,record,deterioration_cardiac_arrest,0.956674399928616,0.9265906812240667,0.9796897237229428,6439,35,0
d291e12493bc1715,R6_waveform,4,record,deterioration_icu_24h,0.8144961497610197,0.7970258022211906,0.8314310371384513,6407,807,0
d291e12493bc1715,R6_waveform,4,record,deterioration_icu_stay,0.8110208176458352,0.7945574541185217,0.8268960825067126,6407,956,0
d291e12493bc1715,R6_waveform,4,record,deterioration_mortality_1d,0.9283906696398578,0.8876256654665291,0.959822120460021,6428,49,0
d291e12493bc1715,R6_waveform,4,record,deterioration_mortality_7d,0.8890401861988485,0.8599575948609227,0.9150376372138957,6428,123,0
d291e12493bc1715,R6_waveform,4,record,deterioration_mortality_28d,0.8399637528939851,0.8142475703352744,0.8640305039778503,6428,271,0
d291e12493bc1715,R6_waveform,4,record,deterioration_mortality_90d,0.8261782450154235,0.8052748236932605,0.845911549749486,6428,469,0
d291e12493bc1715,R6_waveform,4,record,deterioration_mortality_180d,0.8262517054271079,0.8078272312982059,0.8439426101566924,6428,642,0
d291e12493bc1715,R6_waveform,4,record,deterioration_mortality_365d,0.8206937147058264,0.8017312654253477,0.8386957983013925,6428,916,0
d291e12493bc1715,R6_waveform,4,record,deterioration_mortality_stay,0.9064582576032958,0.8664420518920377,0.9392927005362265,6428,9,8
f264c47d85c7669f,R6_waveform,1,crop,deterioration_severe_hypoxemia,0.6844841720267373,0.5759731669699115,0.7821628733189454,17728,108,0
f264c47d85c7669f,R6_waveform,1,crop,deterioration_ecmo,0.848707231726283,0.7748384156783734,0.921186938403894,25756,36,1
f264c47d85c7669f,R6_waveform,1,crop,deterioration_vasopressors,0.8867528239723879,0.8507650983865599,0.9180415379588929,25756,260,0
f264c47d85c7669f,R6_waveform,1,crop,deterioration_inotropes,0.8774520566981656,0.7857916357145565,0.9581030841528566,25756,56,0
f264c47d85c7669f,R6_waveform,1,crop,deterioration_mechanical_ventilation,0.8379435699713166,0.810994131174376,0.8626789112795125,25756,892,0
f264c47d85c7669f,R6_waveform,1,crop,deterioration_cardiac_arrest,0.9440372088873026,0.9016510436171231,0.973426669432873,25756,140,0
f264c47d85c7669f,R6_waveform,1,crop,deterioration_icu_24h,0.8068799510975394,0.789187536762103,0.8237862083039722,25628,3228,0
f264c47d85c7669f,R6_waveform,1,crop,deterioration_icu_stay,0.8046617139747879,0.7884090556758062,0.8203632342670848,25628,3824,0
f264c47d85c7669f,R6_waveform,1,crop,deterioration_mortality_1d,0.9308957004968471,0.8968436113750758,0.9561857645821302,25712,196,0
f264c47d85c7669f,R6_waveform,1,crop,deterioration_mortality_7d,0.881450350734673,0.8523323694837274,0.907998561795699,25712,492,0
f264c47d85c7669f,R6_waveform,1,crop,deterioration_mortality_28d,0.8442948041020121,0.8194801138302882,0.8671470508090406,25712,1084,0
f264c47d85c7669f,R6_waveform,1,crop,deterioration_mortality_90d,0.8313590026696284,0.8116730360638842,0.8505839870995454,25712,1876,0
f264c47d85c7669f,R6_waveform,1,crop,deterioration_mortality_180d,0.8306765366746244,0.812468657295273,0.8480398500068277,25712,2568,0
f264c47d85c7669f,R6_waveform,1,crop,deterioration_mortality_365d,0.8251777347339826,0.8071600308220541,0.8424896128941491,25712,3664,0
f264c47d85c7669f,R6_waveform,1,crop,deterioration_mortality_stay,0.8983908448875734,0.8560234826253429,0.9625991467706357,25712,36,8
f264c47d85c7669f,R6_waveform,1,record,deterioration_severe_hypoxemia,0.6896540126960105,0.5780469305654002,0.7891873423253902,4432,27,0
f264c47d85c7669f,R6_waveform,1,record,deterioration_ecmo,0.8626231207879731,0.7896973520149718,0.9329971111565193,6439,9,1
f264c47d85c7669f,R6_waveform,1,record,deterioration_vasopressors,0.8957326639472859,0.8616072774048321,0.9258902444547739,6439,65,0
f264c47d85c7669f,R6_waveform,1,record,deterioration_inotropes,0.8916286826014452,0.8060150626874485,0.9651414610767918,6439,14,0
f264c47d85c7669f,R6_waveform,1,record,deterioration_mechanical_ventilation,0.8455598455598455,0.8184838488178867,0.8703808281030191,6439,223,0
f264c47d85c7669f,R6_waveform,1,record,deterioration_cardiac_arrest,0.9497456946551263,0.9069197852253019,0.9786211591677874,6439,35,0
f264c47d85c7669f,R6_waveform,1,record,deterioration_icu_24h,0.813548858204992,0.795661417671972,0.8306954071723681,6407,807,0
f264c47d85c7669f,R6_waveform,1,record,deterioration_icu_stay,0.8107897748599351,0.7942935416079631,0.8267453565653805,6407,956,0
f264c47d85c7669f,R6_waveform,1,record,deterioration_mortality_1d,0.939616919035995,0.9053673969741939,0.964430189285142,6428,49,0
f264c47d85c7669f,R6_waveform,1,record,deterioration_mortality_7d,0.8885127947235063,0.8588823578366185,0.9154844833088978,6428,123,0
f264c47d85c7669f,R6_waveform,1,record,deterioration_mortality_28d,0.8502942979730268,0.8250936961265445,0.8735035372277254,6428,271,0
f264c47d85c7669f,R6_waveform,1,record,deterioration_mortality_90d,0.8371705588758435,0.8171867334569705,0.8564859461537094,6428,469,0
f264c47d85c7669f,R6_waveform,1,record,deterioration_mortality_180d,0.8362579994895833,0.8178925180047757,0.8538380193451057,6428,642,0
f264c47d85c7669f,R6_waveform,1,record,deterioration_mortality_365d,0.8305651900418936,0.812371769599244,0.8480252481595166,6428,916,0
f264c47d85c7669f,R6_waveform,1,record,deterioration_mortality_stay,0.9062505409288397,0.8652939734329175,0.9685820950661318,6428,9,8
